<?xml version="1.0" encoding="UTF-8" standalone="yes"?>
<addon id="plugin.video.moviexil" name="MovieX-IL" version="2.1.1" provider-name="cubicle">
    <requires>
        <import addon="xbmc.python" version="2.0"/>
    </requires>
    <extension point="xbmc.python.pluginsource" library="moviexil.py">
        <provides>video</provides>
    </extension>
    <extension point="xbmc.addon.metadata">
        <platform>all</platform>
        <minversion>31632</minversion>
        <summary lang="en">Watch video from MovieX-IL</summary>
        <summary lang="he">צפו בוידאו מהאתר MovieX-IL</summary>
        <description lang="en">Watch video from MovieX-IL</description>
        <description lang="he">צפו בוידאו מהאתר MovieX-IL</description>
        <disclaimer>הנך כפוף לתנאי השימוש של האתר</disclaimer>
        <supportedcontent>
          <content>tvshows</content>
        </supportedcontent>	
    </extension>
</addon>